GEO.id,GEO.id2,GEO.display-label,D001
Id,Id2,Geography,Total
1400000US06083000101,06083000101,"Census Tract 1.01, Santa Barbara County, California",6495
1400000US06083000102,06083000102,"Census Tract 1.02, Santa Barbara County, California",5245
1400000US06083000103,06083000103,"Census Tract 1.03, Santa Barbara County, California",3196
1400000US06083000200,06083000200,"Census Tract 2, Santa Barbara County, California",4299
1400000US06083000301,06083000301,"Census Tract 3.01, Santa Barbara County, California",2810
1400000US06083000302,06083000302,"Census Tract 3.02, Santa Barbara County, California",4138
1400000US06083000400,06083000400,"Census Tract 4, Santa Barbara County, California",4659
1400000US06083000501,06083000501,"Census Tract 5.01, Santa Barbara County, California",3263
1400000US06083000502,06083000502,"Census Tract 5.02, Santa Barbara County, California",5874
1400000US06083000600,06083000600,"Census Tract 6, Santa Barbara County, California",4629
1400000US06083000700,06083000700,"Census Tract 7, Santa Barbara County, California",6408
1400000US06083000801,06083000801,"Census Tract 8.01, Santa Barbara County, California",4059
1400000US06083000804,06083000804,"Census Tract 8.04, Santa Barbara County, California",7189
1400000US06083000900,06083000900,"Census Tract 9, Santa Barbara County, California",3266
1400000US06083001000,06083001000,"Census Tract 10, Santa Barbara County, California",6270
1400000US06083001101,06083001101,"Census Tract 11.01, Santa Barbara County, California",4738
1400000US06083001102,06083001102,"Census Tract 11.02, Santa Barbara County, California",4740
1400000US06083001203,06083001203,"Census Tract 12.03, Santa Barbara County, California",2757
1400000US06083001206,06083001206,"Census Tract 12.06, Santa Barbara County, California",4480
1400000US06083001208,06083001208,"Census Tract 12.08, Santa Barbara County, California",4096
1400000US06083001304,06083001304,"Census Tract 13.04, Santa Barbara County, California",7522
1400000US06083001306,06083001306,"Census Tract 13.06, Santa Barbara County, California",3230
1400000US06083001402,06083001402,"Census Tract 14.02, Santa Barbara County, California",3392
1400000US06083001500,06083001500,"Census Tract 15, Santa Barbara County, California",3091
1400000US06083001601,06083001601,"Census Tract 16.01, Santa Barbara County, California",5270(r39297)
1400000US06083001604,06083001604,"Census Tract 16.04, Santa Barbara County, California",5190
1400000US06083001704,06083001704,"Census Tract 17.04, Santa Barbara County, California",2565
1400000US06083001706,06083001706,"Census Tract 17.06, Santa Barbara County, California",4693(r39298)
1400000US06083001800,06083001800,"Census Tract 18, Santa Barbara County, California",1245
1400000US06083001901,06083001901,"Census Tract 19.01, Santa Barbara County, California",7805
1400000US06083001903,06083001903,"Census Tract 19.03, Santa Barbara County, California",5764
1400000US06083001905,06083001905,"Census Tract 19.05, Santa Barbara County, California",3231
1400000US06083001906,06083001906,"Census Tract 19.06, Santa Barbara County, California",5870
1400000US06083002005,06083002005,"Census Tract 20.05, Santa Barbara County, California",4967
1400000US06083002006,06083002006,"Census Tract 20.06, Santa Barbara County, California",2240
1400000US06083002007,06083002007,"Census Tract 20.07, Santa Barbara County, California",9554
1400000US06083002008,06083002008,"Census Tract 20.08, Santa Barbara County, California",6451
1400000US06083002009,06083002009,"Census Tract 20.09, Santa Barbara County, California",3826
1400000US06083002010,06083002010,"Census Tract 20.10, Santa Barbara County, California",4375
1400000US06083002011,06083002011,"Census Tract 20.11, Santa Barbara County, California",5317
1400000US06083002012,06083002012,"Census Tract 20.12, Santa Barbara County, California",3036
1400000US06083002013,06083002013,"Census Tract 20.13, Santa Barbara County, California",2737
1400000US06083002101,06083002101,"Census Tract 21.01, Santa Barbara County, California",3873
1400000US06083002102,06083002102,"Census Tract 21.02, Santa Barbara County, California",2084
1400000US06083002103,06083002103,"Census Tract 21.03, Santa Barbara County, California",3930
1400000US06083002205,06083002205,"Census Tract 22.05, Santa Barbara County, California",4997
1400000US06083002206,06083002206,"Census Tract 22.06, Santa Barbara County, California",4782
1400000US06083002209,06083002209,"Census Tract 22.09, Santa Barbara County, California",3321
1400000US06083002210,06083002210,"Census Tract 22.10, Santa Barbara County, California",6035
1400000US06083002211,06083002211,"Census Tract 22.11, Santa Barbara County, California",5366
1400000US06083002303,06083002303,"Census Tract 23.03, Santa Barbara County, California",6765
1400000US06083002304,06083002304,"Census Tract 23.04, Santa Barbara County, California",6687
1400000US06083002305,06083002305,"Census Tract 23.05, Santa Barbara County, California",7556
1400000US06083002306,06083002306,"Census Tract 23.06, Santa Barbara County, California",8810
1400000US06083002402,06083002402,"Census Tract 24.02, Santa Barbara County, California",11406
1400000US06083002403,06083002403,"Census Tract 24.03, Santa Barbara County, California",6811
1400000US06083002404,06083002404,"Census Tract 24.04, Santa Barbara County, California",7800
1400000US06083002502,06083002502,"Census Tract 25.02, Santa Barbara County, California",7345
1400000US06083002604,06083002604,"Census Tract 26.04, Santa Barbara County, California",3582
1400000US06083002606,06083002606,"Census Tract 26.06, Santa Barbara County, California",3344
1400000US06083002702,06083002702,"Census Tract 27.02, Santa Barbara County, California",7395
1400000US06083002703,06083002703,"Census Tract 27.03, Santa Barbara County, California",4165
1400000US06083002705,06083002705,"Census Tract 27.05, Santa Barbara County, California",4210
1400000US06083002706,06083002706,"Census Tract 27.06, Santa Barbara County, California",6054
1400000US06083002707,06083002707,"Census Tract 27.07, Santa Barbara County, California",2287
1400000US06083002708,06083002708,"Census Tract 27.08, Santa Barbara County, California",2568
1400000US06083002802,06083002802,"Census Tract 28.02, Santa Barbara County, California",7024
1400000US06083002806,06083002806,"Census Tract 28.06, Santa Barbara County, California",2266
1400000US06083002808,06083002808,"Census Tract 28.08, Santa Barbara County, California",6506
1400000US06083002809,06083002809,"Census Tract 28.09, Santa Barbara County, California",5035
1400000US06083002906,06083002906,"Census Tract 29.06, Santa Barbara County, California",4016
1400000US06083002907,06083002907,"Census Tract 29.07, Santa Barbara County, California",4190
1400000US06083002909,06083002909,"Census Tract 29.09, Santa Barbara County, California",5963
1400000US06083002913,06083002913,"Census Tract 29.13, Santa Barbara County, California",3596
1400000US06083002914,06083002914,"Census Tract 29.14, Santa Barbara County, California",3248
1400000US06083002915,06083002915,"Census Tract 29.15, Santa Barbara County, California",580
1400000US06083002922,06083002922,"Census Tract 29.22, Santa Barbara County, California",8839
1400000US06083002924,06083002924,"Census Tract 29.24, Santa Barbara County, California",5833
1400000US06083002926,06083002926,"Census Tract 29.26, Santa Barbara County, California",5328
1400000US06083002928,06083002928,"Census Tract 29.28, Santa Barbara County, California",4089
1400000US06083002930,06083002930,"Census Tract 29.30, Santa Barbara County, California",7328
1400000US06083002932,06083002932,"Census Tract 29.32, Santa Barbara County, California",2499
1400000US06083003001,06083003001,"Census Tract 30.01, Santa Barbara County, California",5547
1400000US06083003004,06083003004,"Census Tract 30.04, Santa Barbara County, California",4874
1400000US06083003005,06083003005,"Census Tract 30.05, Santa Barbara County, California",4999
1400000US06083003007,06083003007,"Census Tract 30.07, Santa Barbara County, California",3653
1400000US06083003102,06083003102,"Census Tract 31.02, Santa Barbara County, California",3306
1400000US06083980000,06083980000,"Census Tract 9800, Santa Barbara County, California",10
1400000US06083980100,06083980100,"Census Tract 9801, Santa Barbara County, California",11
1400000US06083990000,06083990000,"Census Tract 9900, Santa Barbara County, California",0
